1,JUGO INCA MELON ,7798061000208,10,2.4,45.83,3.5,1,2016-07-14,0
2,JUGO INCA NARANJA,7798061000154,10,2.4,45.83,3.5,13,2016-07-14,0
3,JUGO INCA POMELO ROSADO,7798061000284,10,2.4,45.83,3.5,13,2016-07-14,0
4,JUGO INCA ANANA BANANA,7798061000222,10,2.4,45.83,3.5,14,2016-07-14,0
5,JUGO INCA LIMON ,7798061000185,10,2.4,45.83,3.5,11,2016-07-14,0
6,JUGO INCA MANDARINA,7798061000321,10,2.4,45.83,3.5,11,2016-07-14,0
7,JUGO INCA MANZANA,7798061000314,10,2.4,45.83,3.5,0,2016-07-14,0
8,JUGO INCA PERA,7798061000338,10,2.4,45.83,3.5,15,2016-07-14,0
9,JUGO INCA NARANJA BANANA ,7798061000307,10,2.4,45.83,3.5,0,2016-07-14,0
1,COCA COLA 2.25L ,7790895000997,10,35.83,31.17,47,3,2016-07-14,0
11,SECCO MULTIFRUTA 2.25L,7792758012291,10,16.16,42.33,23,0,2016-07-14,0
12,SECCO NARANJA 2.25L,7792758012239,10,16.16,42.33,23,8,2016-07-14,0
13,SECCO MANZANA 2.25L,7792758012284,10,16.16,42.33,23,9,2016-07-14,0
14,SECCO COLA 2.25L,7792758282212,10,16.16,42.33,23,4,2016-07-14,0
15,MANAOS MANZANA 2.25L,7798113300928,10,16.92,32.98,22.5,0,2016-07-14,0
16,MANAOS COLA 2.25L,7798113300010,10,16.66,35.05,22.5,4,2016-07-14,0
17,SIERRA DE LOS PADRES LIMON 1.5L,7798065730743,10,19.16,33,25.5,5,2016-07-14,0
18,SIERRA DE LOS PADRES MULTIFRUTA 1.5L ,7798065730651,10,19.16,33.09,25.5,1,2016-07-14,0
19,SIERRA DE LOS PADRES MANZANA 1.5L ,7798065730361,10,18.46,38,25.5,1,2016-07-14,0
20,MANAOS PLACER ANANA 1.5L ,7798113301185,10,13.33,35.03,18,0,2016-07-14,0
21,RETORNABLE VIDRIO FANTA 1.5L,7790895062971,10,23.13,38.35,32,5,2016-07-14,0
22,RETORNABLE VIDRIO SPRITE 1.5L,7790895062964,10,23.13,38.35,32,2,2016-07-14,0
23,RETORNABLE VIDRIO COCA COLA 1.5L,7790895005916,10,23.13,38.35,32,7,2016-07-14,0
24,VINO ESPUMANTE FREZZE BLUE EVOLUTION ,7791540042706,10,36.92,30,48,0,2016-07-14,0
25,KING NIGHT LICOR DE FRUTILLA 750CM3,7798134191796,10,26.92,30,35,1,2016-07-14,0
26,KING NIGHT LICOR MENTA 750CM3,7798134191390,10,26.92,30,35,1,2016-07-14,0
27,RON MULATA ORIGINAL BLANCO 750CM3 ,7798134191673,10,26.92,30,35,1,2016-07-14,0
28,VINO TINTO CRIA DE COSECHA CLASICO,7798107419803,10,33.33,30.51,43.5,5,2016-07-14,0
29,VINO TINTO CRIA DE COSECHA PATERO ,7798107412866,10,36.66,30.93,48,4,2016-07-14,0
30,VINO TINTO CABARCENO PATERO ,7795633003391,10,40,30,52,6,2016-07-14,0
31,VINO TINTO MICHEL TORINO AZUL,7791093000369,10,20.83,32.02,27.5,1,2016-07-14,0
32,VINO TINTO SANTA FILOMENA,7798008400665,10,30.76,30,40,3,2016-07-14,0
33,VINO TINTO VI헤S DE BALBO CLASICO ,7791843008294,10,40,30,52,8,2016-07-14,0
34,VINO TINTO DULCE QUERTOS ,7798114090194,10,35.39,29.98,46,0,2016-07-14,0
35,VINO TINTO DEMETRIUS MALBEC ,7798114092648,10,37.5,33.33,50,0,2016-07-14,0
36,FERNET COLA FERNANDO,7798015673489,10,10,30,13,3,2016-07-14,0
37,FERNET OTTONE 45CL ,7790163030169,10,33.07,30,43,1,2016-07-14,0
38,VODKA TRES FRONTERAS,7795767000426,10,11,36.36,15,4,2016-07-14,0
39,CA헤 CACHAPE ,7795767000020,10,25.83,35.5,35,6,2016-07-14,0
40,AGUA SIN GAS KIN,7790895000119,10,10,30,13,5,2016-07-14,0
41,SIDRA REAL 720ML,7790119001793,10,20.77,30,27,1,2016-07-14,0
42,VINO TINTO TALACASTO,7790036846262,10,27.41,31.34,36,16,2016-07-14,0
43,VINO TINTO PROMOCION,7798107410817,10,12.7,30,16.5,1,2016-07-14,0
44,CEPITA DURAZNO MIX ,7790895002991,10,7.5,33.33,10,5,2016-07-14,0
45,CEPITA MULTIFRUTA,7790895000737,10,7.5,33.33,10,5,2016-07-14,0
46,CEPITA NARANJA,7790895641596,10,7.5,33.33,10,13,2016-07-14,0
47,CEPITA NARANJA NUTRI DEFENSAS,7790895002977,10,7.29,30.32,9.5,0,2016-07-14,0
48,CEPITA MANZANA,7790895000720,10,7.5,33.33,10,5,2016-07-14,0
49,CEPITA DURAZNO MIX NUTRI DEFENSAS ,7790895003011,10,20.83,32.02,27.5,4,2016-07-14,0
50,CEPITA NARANJA,7790895064333,10,19,36.84,26,0,2016-07-14,0
51,VINO BLANCO TALACASTO ,7790036845265,10,19.61,30,25.5,0,2016-07-14,0
52,CERVEZA BUDWEISER,7793147001056,10,24.16,44.87,35,15,2016-07-15,0
53,CERVEZA BRAHMA,7792798007493,10,28,30.36,36.5,24,2016-07-15,0
54,LECHE ENTERA TREGAR,7793913001822,10,18.07,30.05,23.5,0,2016-07-15,0
55,ARVEJAS MOLTO CAJITA,7798138552838,10,8.5,35.29,11.5,0,2016-07-15,0
56,PICADILLO DE CARNE S&P,7798023696609,10,5,30,6.5,5,2016-07-15,0
57,ATUN DESMENUZADO EMETH,7791113004506,10,11.15,30,14.5,2,2016-07-15,0
58,ATUN DESMENUZADO EL DIQUE,7797470004838,10,10.38,30.06,13.5,0,2016-07-15,0
59,CABALLA EN ACEITE S&P ,7798023695756,10,31.15,30,40.5,0,2016-07-15,0
60,PURE DE TOMATE SABORES,7798156760062,10,10,30,13,4,2016-07-15,0
61,PURE DE TOMATE S&P ,7798023690379,10,8.84,30.09,11.5,0,2016-07-15,0
62,ARVEJAS PARTIDAS,7795552000105,10,13.84,30.06,18,3,2016-07-15,0
63,LENTEJAS LA PINGUINA,7795552000334,10,16,31.25,21,0,2016-07-15,0
64,POROTOS NEGROS SUSTENTO,7798033320105,10,10,30,13,1,2016-07-15,0
65,MAIZ PISINGALLO SUSTENTO ,7798033320174,10,7.5,33.33,10,5,2016-07-15,0
66,MAIZ PISADO BLANCO ,7798033320211,10,10,30,13,2,2016-07-15,0
67,ARROZ LARGO FINO,7797303000075,10,12,33.33,16,4,2016-07-15,0
68,POLENTA MAGICA QUAKER ,7792170007196,10,12.69,30,16.5,1,2016-07-15,0
69,POLENTA PARA PREPARAR ,7797303000013,10,9.5,36.84,13,0,2016-07-15,0
70,CALDO VERDURA WILDE,7794000597792,10,2.7,48.15,4,10,2016-07-15,0
71,LEVADURA INSTANTANEA NATURAL,7798018850184,10,10,30,13,12,2016-07-15,0
72,CANELA EN RAMA ALICANTE,7790150034040,10,8.46,30,11,2,2016-07-15,0
73,ESPECIAS SURTIDAS MOLIDAS,7790150047057,10,5.38,30.11,7,5,2016-07-15,0
74,VINAGRE DE ALCOHOL ,7797470132692,10,7.3,30.14,9.5,5,2016-07-15,0
75,MAYONESA FIESTA ,7791620002279,10,10,30,13,0,2016-07-15,0
76,MAYONESA BC,7793360674310,10,5.75,30.43,7.5,14,2016-07-15,0
77,MAYONESA BC GRANDE ,7793360674204,10,11.5,30.43,15,4,2016-07-15,0
78,YERBA MATE YOLAVI,7790480000043,10,30,33.33,40,1,2016-07-15,0
79,CALDO DE VERDURAS KNORR,7794000597662,10,2.69,30,3.5,0,2016-07-15,0
80,FIDEO TALLARIN FAVORITA,7790070320292,10,7.5,33.33,10,9,2016-07-15,0
81,FIDEO TALLARIN CANALE ,7794910056600,10,7,42.86,10,2,2016-07-15,0
82,FIDEO TIRABUZON FAVORITA ,7790070320308,10,7.5,33.33,10,7,2016-07-15,0
83,FIDEO CODO RAYADO,7790070320322,10,7.5,33.33,10,4,2016-07-15,0
84,FIDEO DEDALES,7798031151084,10,7.69,30,10,1,2016-07-15,0
85,FIDEO MOSTACHOL RAYADO,7798138552326,10,9.61,30.07,12.5,4,2016-07-15,0
86,FIDEO TIRABUZON MOLTO ,7798138552364,10,9.61,30,12.5,0,2016-07-15,0
87,CHOCOLINO LA VIRGINIA ,7790150830857,10,14.5,31.03,19,5,2016-07-15,0
88,TODDY EXTREMO,7798153810494,10,12.3,30.08,16,0,2016-07-15,0
89,GIRASOL TOSTADO Y SALADO ,7798073621071,10,2.4,45.83,3.5,21,2016-07-15,0
90,GALLETITAS MANA LIVIANAS ,7790040720206,10,9.23,30,12,0,2016-07-15,0
91,GALLETITA DE COCO,7798080660711,10,16.92,30,22,0,2016-07-15,0
92,GALLETITA SURTIDO FAUNA,7790628102714,10,7,35.71,9.5,0,2016-07-15,0
93,GALLETITA SURTIDO BAGLEY ,7790040929609,10,16.92,30,22,0,2016-07-15,0
94,OBLEA PEDUA,7896011103709,10,9.23,30,12,0,2016-07-15,0
95,OBLEA OBLITA CH ,7793123160012,10,4.5,33.33,6,1,2016-07-15,0
96,GALLETITA POLVORITAAZUL,7790040314009,10,4.5,33.33,6,2,2016-07-15,0
97,GALLETITA POLVORITA ROJA ,7790040314108,10,4,50,6,0,2016-07-15,0
98,GALLETITA KARITAS TINCHO ,7798073621033,10,2.69,30,3.5,0,2016-07-15,0
99,GALLETITA 9 DE ORO ,7792200000319,10,9,33.33,12,2,2016-07-15,0
100,GALLETITAS FESTIVA ,7798102500889,10,10.5,33.33,14,3,2016-07-15,0
101,GALLETITAS PEPAS VALIDO,7798080660667,10,6.92,30,9,1,2016-07-15,0
102,GALLETITAS PEPAS MEMBRILLO,7790040740006,10,10,30,13,0,2016-07-15,0
103,GALLETITA SURTIDA DESFILE,7790040262102,10,17.5,34,23.5,4,2016-07-15,0
104,GALLETITAS PEPAS BATATA,7792153000275,10,14.23,30,18.5,0,2016-07-15,0
105,GALLETITA PEPAS MEMBRILLO,7792153000251,10,14.23,30,18.5,0,2016-07-15,0
106,GALLETITAS SURTIDAS DIVERSION,7790040711105,10,21,30.95,27.5,6,2016-07-15,0
107,ACEITE ALSAMAR,7794870000293,10,23,30.43,30,9,2016-07-15,0
108,ACEITE VALDEREY ,7794870000057,10,24,31.25,31.5,0,2016-07-15,0
109,FECULA DE MANDIOCA ,7798086060010,10,17,35.29,23,11,2016-07-15,0
110,SAL FINA COLOSAL,7790641000011,10,4.5,33.33,6,9,2016-07-15,0
111,SAL ENTREFINA COLOSAL ,7790641000080,10,8,31.25,10.5,6,2016-07-15,0
112,DULCE DE LECHE SANTA MARIA,7792308000259,10,18.5,29.73,24,3,2016-07-15,0
113,DULCE DE DAMASCO EMETH,7791113003417,10,11.53,30.1,15,2,2016-07-15,0
114,DULCE DE DURAZNO EMETH,7791113003356,10,11.53,30.1,15,1,2016-07-15,0
115,DULCE DE CIRUELA EMETH,7791113004056,10,11.53,30.1,15,1,2016-07-15,0
116,DULCE DE MEMBRILLO EMETH ,7791113001567,10,13.84,30.06,18,2,2016-07-15,0
117,DULCE DE BATATA EMETH ,7791113001543,10,15,30,19.5,3,2016-07-15,0
118,HARINA 000 FLORENCIA,7797237000028,10,10,30,13,0,2016-07-15,0
119,HARINA 0000 REINHARINA,7794270000602,10,11,31.82,14.5,1,2016-07-15,0
120,PROVENZAL DESHIDRATADO,7791584000229,10,4.61,30.15,6,4,2016-07-15,0
121,OREGANO DESHIDRATADO,7791584000250,10,4.61,30.15,6,3,2016-07-15,0
122,SALSA LISTANOEL,7795184946710,10,13.5,33.33,18,4,2016-07-15,0
123,SALSA LISTA PIZZA,7794000598881,10,13.46,30,17.5,0,2016-07-15,0
124,CAFE CLASICO INSTANTANEO ,7790150100646,10,19.23,30,25,3,2016-07-15,0
125,EXQUISITA CHOCOLATE,7790070410146,10,31.15,30,40.5,0,2016-07-15,0
126,TE MANZANILLA,7790150330135,10,11.53,30.1,15,2,2016-07-15,0
127,TE EN SAQUITOS MAROLIO,7797470007228,10,4.61,30.15,6,1,2016-07-15,0
128,TE EN SAQUITOS MAROLIO,7797470001936,10,7.69,30,10,6,2016-07-15,0
129,TE BOLDO LA VIRGINIA,7790150310137,10,11.53,30.1,15,3,2016-07-15,0
130,MATE COCIDO TARAGUI,7790387000849,10,9.23,30,12,3,2016-07-15,0
131,SHAMPOO CONTROL CASPA ,7506295355052,10,2.69,30,3.5,22,2016-07-15,0
132,ACONDICIONADOR PANTENE,7506339347241,10,2.69,30,3.5,8,2016-07-15,0
133,ACONDICIONADOR PANTENE,7506309877822,10,28.07,30.03,36.5,5,2016-07-15,0
134,ACONDICIONADOR PANTENE,7506309840567,10,28.46,30,37,0,2016-07-15,0
135,SHAMPOO PANTENE ,7506309877914,10,34.61,30.02,45,2,2016-07-15,0
136,ACONDICIONADOR HERBAL ,7501006736670,10,32.3,30.03,42,2,2016-07-15,0
137,DESODORANTE STONE,7798045210142,10,29.23,30,38,0,2016-07-15,0
138,ANTITRANSPIRANTE OLD,7506339390254,10,46.92,30,61,1,2016-07-15,0
139,ANTITRANSPIRANTE OLD,7506309898889,10,46.92,30,61,1,2016-07-15,0
140,DESODORANTE REXONA ,7791293026909,10,22.3,30.04,29,0,2016-07-15,0
141,ANTITRANSPIRANTE PLUSBELLE,77948632 ,10,21.53,30.05,28,1,2016-07-15,0
142,ANTITRANSPIRANTE PLUSBELLE,77948601 ,10,21.53,30.05,28,1,2016-07-15,0
143,ANTITRANSPIRANTE VERITAS ,7791520024326,10,14.61,30.05,19,1,2016-07-15,0
144,ANTITRANSPIRANTE AVON ,7790829006293,10,18.46,30,24,1,2016-07-15,0
145,ANTITRANSPIRANTE AVON ,7790829006460,10,18.46,30,24,0,2016-07-15,0
146,ANTITRANSPIRANTE AVON ,7909189001620,10,18.46,30,24,2,2016-07-15,0
147,ANTITRANSPIRANTE AVON ,7790829007993,10,18.46,30,24,0,2016-07-15,0
148,ANTITRANSPIRANTE AVON ,7790829006194,10,18.46,30,24,1,2016-07-15,0
149,ESPUMA DE AFEITAR GILLETTE,7702018951185,10,14.23,30,18.5,1,2016-07-15,0
150,SOFT COLOR WELLA,7896016104947,10,40.76,30.03,53,1,2016-07-15,0
151,ESMALTE U헤S ZEIMOR,7840508017376,10,11.53,30.1,15,0,2016-07-15,0
152,ESMALTE U헤S CAREY ,7840508025555,10,11.53,30.1,15,0,2016-07-15,0
153,ESMALTE U헤S FLYCOLOR ,7840285500009,10,11.53,30.1,15,1,2016-07-15,0
154,QUITAESMALTE ALGABO,7791274000591,10,11.53,30.1,15,0,2016-07-15,0
155,PASTA DENTAL ORAL-B,7506195131640,10,16.92,30,22,1,2016-07-15,0
156,CREMA DENTAL COLGATE,7891024132906,10,13.5,33.33,18,5,2016-07-15,0
157,CREMA DENTAL FRESH-DENT,7791199002458,10,13.84,30.06,18,0,2016-07-15,0
158,JABON TOCADOR,7798060460225,10,11.15,30,14.5,0,2016-07-15,0
159,CIF CREMA ,7791290008489,10,16.92,30,22,0,2016-07-15,0
160,LAVAVAJILLA GIGANTE,7790828102491,10,14.5,31.03,19,2,2016-07-15,0
161,LAVAVAJILLA ALA PLUS,7791290012394,10,16.92,30,22,0,2016-07-15,0
162,LAVAVAJILLA ALA PLUS,7791290012455,10,16.92,30,22,0,2016-07-15,0
163,LAVAVAJILLA ALA PLUS,7791290012387,10,16.5,33.33,22,2,2016-07-15,0
164,LAVAVAJILLA ALA PLUS,7791290012448,10,16.92,30,22,0,2016-07-15,0
165,LIQUIDO PARA LAVAR ROPA,7500435004718,10,40.76,30.03,53,0,2016-07-15,0
166,LIQUIDO PARA LAVAR ROPA,7798023697002,10,28.07,30.03,36.5,0,2016-07-15,0
167,LIMPIADOR LIQUIDO BONUX LIMON,7798023696166,10,14.61,30.05,19,2,2016-07-15,0
168,LIMPIADOR LIQUIDO BONUX LAVANDA,7798023696159,10,14.61,30.05,19,0,2016-07-15,0
169,LIMPIADOR LIQUIDO GIGANTE,7790828102064,10,14.61,30.05,19,0,2016-07-15,0
170,LIMPIADOR LIQUIDO PROCENEX,7791130683661,10,14.5,31.03,19,3,2016-07-15,0
171,ALA MULTIACCION ,7791290011755,10,18.07,30.05,23.5,6,2016-07-15,0
172,ALA CON VIVERE,7791290011960,10,17.5,34.29,23.5,0,2016-07-15,0
173,ALA MULTIACCION MATIC ,7791290011700,10,18.07,30.05,23.5,5,2016-07-15,0
174,LAVANDINA AYUDIN,7793253001070,10,13.84,30.06,18,0,2016-07-15,0
175,LAVANDINA ESENCIAL ,7797470130162,10,10.76,30.11,14,0,2016-07-15,0
176,LAVANDINA AYUDIN,7793253000639,10,16.92,30,22,0,2016-07-15,0
177,JABON BONUX,7798023696630,10,6.53,30.17,8.5,0,2016-07-15,0
178,JABON ARGENTINO ,7794218106328,10,6.53,30.17,8.5,0,2016-07-15,0
179,OFF! FAMILY,77900302 ,10,20,30,26,9,2016-07-15,0
180,TERMO INVICTA,7891691002052,10,76.92,30,100,1,2016-07-15,0
181,TERMO TEKTHERMO ATACAMA,7896021911332,10,100,30,130,1,2016-07-15,0
182,VINO TINTO UVITA,7790036046327,10,20.76,30.06,27,0,2016-07-15,0
183,HARINA 0000 LA TERESINA,7798141970025,10,12,33.33,16,9,2016-07-15,0
184,LAVANDINA AYUDIN,7793253001353,10,11,59.09,17.5,1,2016-07-15,0
185,ALCOHOL ETILICO ,7792378001682,10,17,29.41,22,1,2016-07-15,0
186,CIF CREMA ,7791290008007,10,15.5,35.48,21,1,2016-07-15,0
187,LAVAVAJILLA MAGISTRAL LIMON ,7500435019224,10,22,36.36,30,0,2016-07-15,0
188,LAVAVAJILLA MAGISTRAL MARINA,7500435023115,10,22,36.36,30,1,2016-07-15,0
189,LECHE ENTERA COTAPA,7790373104513,10,18.33,30.93,24,3,2016-07-15,0
190,YERBA MATE YOLAVI1/2,7790480000036,10,19,31.58,25,4,2016-07-15,0
191,AZUCAR LA MU헨CA,7798106640017,10,11,31.82,14.5,8,2016-07-15,0
192,CLUB SOCIAL ORIGINAL,7622300834883,10,9,33.33,12,0,2016-07-15,0
193,GALLETITAS PEPAS VALIDO 500GR,7798080660674,10,14.5,37.93,20,3,2016-07-15,0
194,GALLETITAS SERRANAS,7790040704800,10,6,33.33,8,0,2016-07-15,0
195,GALLETITA MEDIALUNITAS,7790040218109,10,9,33.33,12,0,2016-07-15,0
196,VELAS BUX ,7798130560350,10,5.5,36.36,7.5,5,2016-07-15,0
197,JABON TOCADOR LUX,7791293025988,10,10,30,13,2,2016-07-15,0
198,JABON TOCADOR LUX,7791293025995,10,10,30,13,0,2016-07-15,0
199,GILLETTE PRESTOBARBA,7501009222729,10,12.69,30,16.5,0,2016-07-15,0
200,MAQUINA DESECHABLES,77011107 ,10,7.69,30,10,3,2016-07-15,0
201,SUPRABOND ADHESIVO ,7793300423565,10,13.46,30,17.5,0,2016-07-15,0
202,PILAS DURACELL AAA ,7506309875347,10,15.38,30.04,20,4,2016-07-15,0
203,ALFAJOR TINCHO,7798073620272,10,1.92,30,2.5,0,2016-07-15,0
204,ALFAJOR SUPER TINCHO,7798073620685,10,3.25,38.46,4.5,0,2016-07-15,0
205,ALFAJOR MINYO,77917157 ,10,3.07,30.29,4,0,2016-07-15,0
206,PAPEL HIGIENICO VUALX1 ,7798130888614,10,5.25,42.86,7.5,12,2016-07-15,0
207,PAPEL HIGIENICO VUALX6 ,7791818007383,10,25,32,33,1,2016-07-15,0
208,PAPEL HIGIENICO HIGIENOL ,7790250014911,10,25.38,30.02,33,0,2016-07-15,0
209,ROLLO DE COCINA VUAL,7791818001718,10,18,33.33,24,2,2016-07-15,0
210,LANA DE ACERO BATUQUE ,7798059380268,10,3.84,56.25,6,6,2016-07-15,0
211,PA헤LES PAMPERS XG ,7506339392777,10,28.84,30.03,37.5,0,2016-07-15,0
212,ESPONJA VIRULANA,7794440003303,10,5.76,30.21,7.5,1,2016-07-15,0
213,ESPONJA MISTER BRILLO ,7798126372875,10,4.61,30.15,6,1,2016-07-15,0
214,TRAPO REJILLA PABILO,7795935000012,10,6.92,30,9,2,2016-07-15,0
215,TRAPO DE PISO MISTER TRAPO,7798024452600,10,11.5,30.43,15,3,2016-07-15,0
216,TOALLAS FEMENINAS DONCELLA,7790940216151,10,8.4,30.95,11,8,2016-07-15,0
217,TOALLAS FEMENINAS CALIPSO,7790770002368,10,7.69,30,10,2,2016-07-15,0
218,TOALLAS FEMENINAS CALIPSO,7790770002382,10,6.15,30,8,1,2016-07-15,0
219,FOCO PHILIPS 100W,7894400001162,10,11.5,30.43,15,8,2016-07-15,0
220,CEPILLO DENTAL ORAL-B ,3014260019723,10,11.53,30.1,15,1,2016-07-15,0
221,CEPILLO DENTAL ORAL-B ,3014260833176,10,7.69,30,10,0,2016-07-15,0
222,ESPONJA INOX ACERO ,7793821980264,10,3.3,36.36,4.5,1,2016-07-15,0
223,PA헷ELOS DESCARTABLES ACHISS,7798184230032,10,2.3,30.43,3,1,2016-07-15,0
224,FUYI ESPIRALES MOSQUITOS ,7790520010490,10,6.15,30,8,1,2016-07-15,0
225,PASTILLA INODORO BELAROM ,7791130001489,10,7.69,30,10,4,2016-07-15,0
226,PASTILLA INODORO BELAROM ,7791130001489,10,7.69,30,10,2,2016-07-15,0
227,POMADA PARA CALZADO,77999979 ,10,18.46,30,24,1,2016-07-15,0
228,CEPILLO MULTIUSO CONDOR,7891055111604,10,11.53,30.1,15,3,2016-07-15,0
229,LAPIZ DE COLOR MICKEY ,8800010000647,10,30,30,39,1,2016-07-15,0
230,CUADERNO GLORIA ,7791762110092,10,12.3,30.08,16,1,2016-07-15,0
231,CUADERNO ALAMO,7840090000022,10,21.53,30.05,28,6,2016-07-15,0
232,BOLIGOMA CHINA BOBO,6936519638189,10,5,30,6.5,6,2016-07-15,0
233,ESCOBA PRIMER PRECIO,7798071005798,10,31.15,30,40.5,1,2016-07-15,0
234,ENCENDEDOR CANCUN,7790129100004,10,6.15,30,8,16,2016-07-15,0
235,PILA DURACELL AAA,7506339319606,10,55,30,71.5,1,2016-07-15,0
236,ENCENDEDOR HIPER,6920070633295,10,6.15,30,8,3,2016-07-15,0
237,PRESEVATIVO TULIPAN,7791014001161,10,11.15,30,14.5,1,2016-07-15,0
238,PRESEVATIVO TULIPAN,7791014000270,10,11.15,30,14.5,1,2016-07-15,0
239,PRESEVATIVO TULIPAN,7791014001772,10,11.15,30,14.5,1,2016-07-15,0
240,PRESEVATIVO TULIPAN,7791014090325,10,11.15,30,14.5,0,2016-07-15,0
241,MENTITAS FRUTAL ,7792222003817,10,3.84,30.21,5,3,2016-07-15,0
242,TOPLINE FRUTA,77916389 ,10,4.23,30,5.5,11,2016-07-15,0
243,TOPLINE ULTRADEFENSE,77916419 ,10,4.23,30,5.5,0,2016-07-15,0
244,DRF MENTA PASTILLA ,7792222002865,10,3.84,30.21,5,0,2016-07-15,0
245,DRF NARANJA PASTILLA,7792222002827,10,3.84,30.21,5,1,2016-07-15,0
246,DUCREM NAPOLITANO,78954731 ,10,1.53,30.72,2,48,2016-07-15,0
247,DUCREM JAZAM ,78917644 ,10,1.53,30.72,2,6,2016-07-15,0
248,GOMUTCHO,7891151029438,10,2.33,50.21,3.5,31,2016-07-15,0
249,CIGARRILLO EIGHT BOX,78400924 ,10,7.69,56.05,12,13,2016-07-15,0
250,CERVEZA QUILMES STOUT ,7792798007400,10,33.41,30.2,43.5,6,2016-07-16,0
251,AWAFRUT 1.65L,7795930000307,10,20,30,26,2,2016-07-16,0
252,GALLETITA POLVORITA ROSA ,7790040314207,10,4.5,33,6,0,2016-07-18,0
253,POLVORITA AZUL GR,7790040287006,10,7.5,33.33,10,-1,2016-07-18,0
254,POLVORITA ROJO GR,7790040287105,10,7.5,33.33,10,0,2016-07-18,0
255,GALLETITA HIPOPO,7896286612890,10,7.5,33.33,10,0,2016-07-18,0
256,OBLEA OBLITA ,7793123160272,10,7,36,9.5,0,2016-07-18,0
257,OBLEA OBLITA ,7793123160265,10,7,35.71,9.5,3,2016-07-18,0
258,OBLEA OBLITA ,7793123013431,10,4,37.5,5.5,0,2016-07-18,0
259,OBLEA OBLITA CH ,7793123160029,10,4.5,33.33,6,2,2016-07-18,0
260,BOMBON OBLIBON OBLITA ,77925770 ,10,2.3,30.43,3,15,2016-07-18,0
261,TOPLINE UVA,77941596 ,10,3.5,57.14,5.5,4,2016-07-18,0
262,SALSA LISTA NAPOLITANA,7790580956905,10,14.5,20.69,17.5,0,2016-07-18,0
263,SECCO POMELO 2.25L ,7792758012246,10,16.16,42.33,23,12,2016-07-21,0
264,MANAOS PLACER MANZANA 1.5L,7798113301116,10,10,80,18,3,2016-07-22,0
265,MAYONESA NATURA 125CM3,7791866001197,10,8.5,29.41,11,0,2016-07-22,0
266,LA GOTITA ,77917188 ,10,15.83,32.66,21,0,2016-07-22,0
267,HAMLET BANANITA ,7794612107716,10,6,33.33,8,7,2016-07-22,0
268,SHAMPOO HADIBELL ALGAS,7791819000116,10,23.8,30.25,31,0,2016-07-22,0
269,ACONDICIONADOR HADIBELL,7791819000246,10,23.8,30.25,31,0,2016-07-22,0
270,SHAMPOO HADIBELL,7791819000413,10,23.8,30.25,31,0,2016-07-22,0
271,SHAMPOO HADIBELL,7791819000109,10,23.8,30.25,31,1,2016-07-22,0
272,ACONDICIONADOR,7791819000123,10,23.8,30.25,31,0,2016-07-22,0
273,ACONDICIONADOR,7791819000420,10,23.5,31.91,31,0,2016-07-22,0
274,TUTUCAJULICROC,7793706000124,10,8.2,34.15,11,8,2016-07-22,0
275,VELA EL ARRIERO ,7798096030508,10,4.61,30.15,6,0,2016-07-23,0
276,PALITOS SALADOS ,7793706000278,10,11,36.36,15,3,2016-07-25,0
277,GALLETITA VOCACION ,7790040177307,10,9,33.33,12,3,2016-07-25,0
278,GALLETITA MEDIATARDE,7790040333901,10,4.5,33.33,6,1,2016-07-25,0
279,CHIZITO DE MAIZ ,7793706000223,10,7,35.71,9.5,4,2016-07-25,0
280,GALLETITA HIPOPO,7896286612920,10,7.5,33.33,10,0,2016-07-25,0
281,ALFAJOR LAS COLONIAS NEGRO,77917812 ,10,3.95,39.24,5.5,11,2016-07-25,0
282,ALFAJOR LAS COLONIAS BLANCO ,77917805 ,10,3.95,39.24,5.5,2,2016-07-25,0
283,COCA COLA 2.5L,7790895005794,10,36.66,33.66,49,3,2016-07-25,0
284,MANAOS POMELO,7798113301093,10,9.16,36,12.5,0,2016-07-25,0
285,MANAOS COLA,7798113300201,10,9.16,36.46,12.5,0,2016-07-25,0
286,SUAVIZANTE PARA ROPA,7798023696234,10,13.07,30.07,17,0,2016-07-27,0
287,YERBA MATE ANDRESITO 1/2 ,7798039850026,10,22,36.36,30,3,2016-07-28,0
288,AZUCAR SUGRE ,7798080360017,10,10,30,13,2,2016-07-28,0
289,ARROZ AMANDA ,7792710001523,10,15.5,32.26,20.5,7,2016-07-28,0
290,JUGO INCA NARANJA MANGO,7798061000260,10,2.4,45.83,3.5,15,2016-01-08,0
291,FERNET VITTONE 45CL,7790290000233,10,28,35.71,38,2,2016-01-08,0
292,FIDEO SPAGHETTI ,7790070317698,10,7.5,33.33,10,0,2016-02-08,0
293,PURE DE TOMATE MORA,7798106150011,10,10,30,13,5,2016-02-08,0
294,LAVAVAJILLA ALA PLUS,7791290012417,10,16.5,33.33,22,2,2016-02-08,0
295,ROLLO DE COCINA SUAPEL,7798130880335,10,17,35.29,23,1,2016-02-08,0
296,JABON TOCADOR LIMOL,7790990586976,10,16,31.25,21,2,2016-02-08,0
297,JABON TOCADOR LIMOL,7790990586990,10,16,31.25,21,2,2016-02-08,0
298,CREMA DENTAL KOLYNOS,7793100120275,10,18,33.33,24,9,2016-02-08,0
299,GALLETITAS MEDIATARDE ,7790270336307,10,13.5,37.04,18.5,4,2016-02-08,0
300,GALLETITA MANA COCO,7790040720503,10,9,38.89,12.5,0,2016-02-08,0
301,GALLETITA MANA LIMON,7790040720305,10,9,38.89,12.5,0,2016-02-08,0
302,LAVANDINA SEDILEE,7793699045959,10,11,36.36,15,4,2016-02-08,0
303,SECCO NARANJA 3LTS ,7792758013038,10,18.33,36.39,25,1,2016-04-08,0
304,SUAVIZANTE SUAVE,7790990012307,10,16,37.5,22,1,2016-05-08,0
305,SUAVIZANTE VIVERE CLASICO,7791290008090,10,24.5,34.69,33,3,2016-05-08,0
306,PAPEL HIGIENICO COMBOY,7792409000332,10,11.5,30.43,15,0,2016-05-08,0
307,TOALLITA CALIPSO PLUS ,7790770003136,10,9,44.44,13,1,2016-05-08,0
308,CHOCLO CARACAS,7790645001618,10,14,35.71,19,0,2016-05-08,0
309,VINAGRE SAN BERNARDINO,7790939000938,10,12.5,32,16.5,5,2016-05-08,0
310,MANAOS NARANJA DURAZNO,7798113300751,10,16.66,35.05,22.5,3,2016-08-08,0
311,MANAOS POMELO 2.25LTS ,7798113301024,10,16.66,35.05,22.5,1,2016-08-08,0
312,ALFAJOR SUPER TINCHO,7798073620678,10,3.25,38.46,4.5,0,2016-08-08,0
313,POLVORITA ROSA GR,7790040287204,10,7.5,33.33,10,0,2016-08-08,0
314,PAPAS FRITAS JULICROC ,7793706000254,10,12.5,32,16.5,0,2016-08-08,0
315,GALLETITA CHIPEADAS,7798073621040,10,14,32.14,18.5,5,2016-08-08,0
316,OBLEA OBLITA NOIR,7793123013950,10,7,35.71,9.5,0,2016-08-08,0
317,JUGO TANG ANANA ,7622300868604,10,3.9,41.03,5.5,9,2016-08-08,0
318,JUGO TANG NARANJA,7622300868482,10,4,37.5,5.5,5,2016-08-08,0
319,SPRITE 2.25L ,7790895001000,10,35.83,31.17,47,6,2016-08-08,0
320,SALSA PIZZA ARCOR,7790580956707,10,14.5,31.03,19,0,2016-12-08,0
321,QUESO RALLADO ILOLAY,7790787251780,10,10.5,42.86,15,3,2016-12-08,0
322,ARROZ DOS HERMANOS ,7790503198450,10,11.8,31.36,15.5,1,2016-12-08,0
323,FIDEO FAVORITA MOSTACHOL ,7790070320315,10,7.5,33.33,10,9,2016-12-08,0
324,DULCE DE LECHE G. ORO ,7791058000830,10,13.5,33.33,18,2,2016-12-08,0
325,VINO TINTO MICHEL TORINO ROJA,7791093000017,10,20.83,32.02,27.5,2,2016-12-08,0
326,MAIZ PIZINGALLO ,7795552000341,10,10,30,13,2,2016-08-15,0
327,MANAOS GUARANA 2.25L,7798113301345,10,16.66,35.05,22.5,2,2016-08-15,0
328,MAQUINA DE AFEITAR ,0703307175654,10,15,30,19.5,1,2016-08-15,0
329,VINO TINTO CARLON,7798107410770,10,37,31.08,48.5,8,2016-08-22,0
330,CHOCOLATE MISKY BLANCO,7790580612917,10,4.76,36.55,6.5,15,2016-08-22,0
331,GALLETITAS VAINILLAS,7790628102684,10,5.5,36.36,7.5,3,2016-08-22,0
332,OBLEA OBLITA ,7793123160296,10,7,35.71,9.5,0,2016-08-22,0
333,PA헤LES HUGGIES ,7794626006463,10,32,31.25,42,2,2016-08-22,0
334,GALLETITA CHIPS GAONA ,7798126071150,10,15.4,33.12,20.5,0,2016-08-22,0
335,DETERGENTE ZORRO LIMON,7790990494219,10,15.4,33.12,20.5,0,2016-08-22,0
336,DETERGENTE ZORRO NARANJA ,7790990494226,10,15.4,33.12,20.5,0,2016-08-22,0
337,SALZA PIZZA VANOLI ,7790127001099,10,14.4,31.94,19,0,2016-08-22,0
338,ESCOBILLON SUPER,7798071005637,10,33,30.3,43,3,2016-08-22,0
339,ESPONJA ACERO HELP ,7792573999999,10,3.3,36.36,4.5,9,2016-08-22,0
340,PILAS AA x2,7506309875330,10,9,33.33,12,1,2016-08-22,0
341,HARINA 0000 FLORENCIA ,7797237000080,10,12,33.33,16,0,2016-08-22,0
342,PAPEL HIGIENICO SUAPELX4,7791818002128,10,12.5,32,16.5,2,2016-08-22,0
343,PAPEL HIGIENICO SUAPEL,7798130888928,10,5,40,7,8,2016-08-22,0
344,JABON TOCADOR PLUSBELLE,7790990586693,10,10,30,13,0,2016-08-22,0
345,JABON TOCADOR PLUSBELLE,7790990586716,10,10,30,13,1,2016-08-22,0
346,JABON BLANCO SIGNO ,7791111050208,10,6.5,38.46,9,0,2016-08-22,0
347,CEPILLO DENTAL COLGATE,6910021007206,10,9,33.33,12,3,2016-08-22,0
348,MAYONESA CADADIA X250 ,7791866000558,10,11,31.82,14.5,0,2016-08-22,0
349,GALLETITAS RECETA DE LA ABUELA ,7790040455405,10,9,33.33,12,0,2016-08-22,0
350,CABALLA BON MAR ,7798023697316,10,31,32.26,41,0,2016-08-22,0
351,MANAOS NARANJA 3LTS,7798113301260,10,20.83,44.02,30,6,2016-08-22,0
352,SHAMPOO LIFE CERAMIDAS,7791199002663,10,22,31.82,29,1,2016-08-22,0
353,SHAMPOO LIFE MANZANA,7791199002670,10,22,31.82,29,1,2016-08-22,0
354,SHAMPOO LIFE ALGAS ,7791199002656,10,22,31.82,29,1,2016-08-22,0
355,ACONDICIONADOR LIFE ALGAS,7791199002687,10,22,31.82,29,1,2016-08-22,0
356,ACONDICIONADOR MANZANA LIFE ,7791199002700,10,22,31.82,29,0,2016-08-22,0
357,ACONDICIONADOR CERAMIDAS LIFE,7791199002694,10,22,31.82,29,1,2016-08-22,0
358,GALLETITAS PEPAS 500GR,7791787000040,10,17,32.35,22.5,0,2016-08-22,0
359,GALLETITA MINI TRIANGULITOS ,7795304024243,10,24,33.33,32,2,2016-08-22,0
360,MENTITAS CAJA FRUTAL,7798094340555,10,3.08,62.34,5,1,2016-08-22,0
361,GALLETITA PEPA CHOC,7791787100382,10,18,30.56,23.5,2,2016-08-22,0
362,CHOCOLATE DAQUI ,7790380040279,10,10.5,42.86,15,1,2016-08-22,0
363,CHOCOLATE MISKY NEGRO ,7790580612719,10,4.76,36.55,6.5,16,2016-08-22,0
364,PASTILLAS BULL DOG ,7798162584300,10,4.41,36.05,6,7,2016-08-22,0
365,BOMBON OBLIBON NEGRO,77925787 ,10,2.3,30.43,3,29,2016-08-22,0
366,OBLEA OBLITA MIXFRUTAL,7793123160753,10,7,35.71,9.5,0,2016-08-22,0
367,GALLETITA VOCACION ACARAMELADA ,7790040177901,10,9,33.33,12,1,2016-08-22,0
368,AWAFRUT 2.25L,7795930000482,10,23.16,31.69,30.5,0,2016-08-22,0
369,LECHE BAGGIO ,7790036001326,10,16.87,30.41,22,8,2016-08-22,0
370,PAPEL HIGIENICO COMBOY 80M,7792409000271,10,6.8,32.35,9,11,2016-08-22,0
371,VINO BLANCO DEMETRIUS MALBEC,7798114091986,10,37.5,33.33,50,5,2016-08-22,0
372,JUGO TUTTI MULTI,7798290580120,10,15.7,30.57,20.5,0,2016-08-22,0
373,JUGO TUTTI MANZANA ,7798290580090,10,15.7,30.57,20.5,1,2016-08-22,0
374,JUGO TUTTI DURAZNO ,7798290580151,10,15.7,30.57,20.5,0,2016-08-22,0
375,JUGO TUTTI PERA ,7798290580182,10,15.7,30.57,20.5,0,2016-08-22,0
376,LAVAVAJILLA GIGANTE,7790828000353,10,14.5,31.03,19,1,2016-08-22,0
377,SECCO GUARANA 2.25LTS ,7792758000694,10,16.16,42.33,23,1,2016-08-22,0
378,FIDEO SPAGHETTI FAVORITA ,7790070320285,10,7.5,33.33,10,1,2016-08-22,0
379,ARVEJAS S&P LATA,7798023695053,10,8,31.25,10.5,8,2016-08-22,0
380,LENTEJA SUSTENTO,7798033320341,10,15.5,32.26,20.5,5,2016-08-22,0
381,SARDINA EN LATA S&P,7798164910671,10,15,30,19.5,1,2016-08-22,0
382,MAGISTRAL ALOE,7506339398946,10,22,36.36,30,1,2016-08-22,0
383,PROCENEX PINO,7791130683685,10,14.5,31.03,19,1,2016-08-22,0
384,PROCENEX PRIMAVERA ,7791130684330,10,14.5,31.03,19,1,2016-08-22,0
385,HARINA BLANCAFLOR LEUDANTE,7790070507228,10,14.5,31.03,19,3,2016-08-22,0
386,PAN DULCE VALENTINO,7798126070986,10,22.5,33.33,30,4,2016-08-22,0
387,JUGO INCA MULTIFRUTA,7798061000277,10,2.4,45.83,3.5,13,2016-08-22,0
388,JUGO TANG NARANJA MANGO,7622300868635,10,4,37.5,5.5,10,2016-08-22,0
389,GALLETITA ESTRELLA ,7791386000304,10,8,31.25,10.5,6,2016-08-22,0
390,OBLEA OBLITA NOIR CH,7793123013455,10,4.5,33.33,6,1,2016-08-22,0
391,GALLETITA FAUNA GRANDE,7790628000034,10,17,32.35,22.5,3,2016-08-22,0
392,JABON BLANCO ASTRO ,7798132470039,10,4.5,55.56,7,4,2016-08-22,0
393,DESODORANTE STONE DANGER ,7798045210142,10,34,30.88,44.5,1,2016-08-22,0
394,DESODORANTE STONE EVOLUTION ,7798045215420,10,34,30.88,44.5,0,2016-08-22,0
395,DESODORANTE STONE EXPLORER,7798045210166,10,34,30.88,44.5,1,2016-08-22,0
396,DESODORANTE PLUS SEDOSA,7790740500573,10,32,31.25,42,1,2016-08-22,0
397,DESODORANTE PLUS BE FREE ,7790740503086,10,32,31.25,42,1,2016-08-22,0
398,DESODORANTE PLUS SO PASSION ,7790740503079,10,32,31.25,42,1,2016-08-22,0
399,JUGO TANG NARANJA BANANA ,7622300868789,10,4,37.5,5.5,3,2016-08-22,0
400,YERBA CAMPECHE 1KG ,7790411000234,10,43,30.23,56,2,2016-08-22,0
401,DURAZNOS S&P ,7798023690553,10,22,31.82,29,5,2016-08-22,0
402,PURE DE TOMATE SAN REMO,7798022220614,10,10,30,13,3,2016-08-22,0
403,PROCENEX TROPICAL,7791130683692,10,14.5,31.03,19,2,2016-08-22,0
404,TOALLITAS LINA,7793620003379,10,12.5,32,16.5,4,2016-08-22,0
405,LAVANDINA QUERUBIN BOSQUE,7791905003687,10,13.5,33.33,18,5,2016-08-22,0
406,PEPEL HIGIENICO MY HOGAR ,7798022221505,10,13.5,33.33,18,5,2016-08-22,0
407,MAQUINA AFEITAR BIC ROSA ,0703307134064,10,9.5,36.84,13,10,2016-08-22,0
408,REXONA ACQUA ,7791293024097,10,10,30,13,3,2016-08-22,0
409,REXONA MENTA ,7791293024080,10,10,30,13,0,2016-08-22,0
410,REXONA NATURAL,7791293024103,10,10,30,13,1,2016-08-22,0
411,REXONA NUTRITIVA,7791293024110,10,10,30,13,1,2016-08-22,0
412,VIRULANA ECONOMICA ,7791415001289,10,7.5,33.33,10,5,2016-08-22,0
413,ADES MANZANA 1LT,7794000792517,10,20,30,26,5,2016-08-22,0
414,SIERRA DE LOS PADRES NARANJA,7798065730323,10,19.16,33,25.5,2,2016-08-22,0
415,GALLETITA TOCA헤TO X400,7791386000267,10,16,31.25,21,3,2016-08-22,0
416,GALLETITA OBVIO CHIPS ,7798036401740,10,7,42.86,10,3,2016-08-22,0
417,GALLETITA SALVADO MAURI,7790628000195,10,12,33.33,16,3,2016-08-22,0
418,BISCOCHUELO VAINILLA,7791113004599,10,15,33.33,20,3,2016-08-22,0
419,BISCOCHUELO COCO,7791113001444,10,15,33.33,20,3,2016-08-22,0
420,POSTRE D. LECHE ,7790580128203,10,11,36.36,15,3,2016-08-22,0
421,POSTRE VAINILLA ,7790580120108,10,11,36.36,15,3,2016-08-22,0
422,GELATINA CEREZA ,7793360112379,10,10,30,13,2,2016-08-22,0
423,GELATINA FRUTILLA,7793360112362,10,10,30,13,2,2016-08-22,0
424,JUGO INCA ANANA ,7798061000161,10,2.4,45.83,3.5,14,2016-08-22,0
425,JUGO INCA CITRUS,7798061000291,10,2.4,45.83,3.5,11,2016-08-22,0
426,JUGO INCA NARANJA DURAZNO,7798061000192,10,2.4,45.83,3.5,15,2016-08-22,0
427,SIERRA DE LOS PADRES NARANJA 2,25 ,7798065731009,10,24.16,32.45,32,5,2016-08-22,0
428,SIERRA DE LOS PADRES POMELO 2,25,7798065730989,10,24.14,32.56,32,6,2016-08-22,0
429,SECCO COLA 500ML,7792758280515,10,9.33,39.34,13,6,2016-08-22,0
430,MANAOS LIMA LIMON 500ML,7798113300218,10,9.16,41.92,13,6,2016-08-22,0
431,MANAOS POMELO B 3LTRS ,7798113301277,10,20.83,44.02,30,6,2016-08-22,0
432,MANAOS CITRUS 2.25LTS ,7798113300744,10,19.66,32.25,26,6,2016-08-22,0
433,BROCHES PINCILISTO ,7793462000031,10,11,36.36,15,3,2016-08-22,0
434,ESPONJA SALVA U헤S ,7791151000607,10,5.3,50.94,8,5,2016-08-22,0
435,TURRON FANTASIA ,7798094221731,10,7.6,31.58,10,5,2016-08-22,0
